protein,idx,rmsd
1afb__1__1.A__1.D_1.F,0,0.618356
1afb__1__1.A__1.D_1.F,1,0.539813
1afb__1__1.A__1.D_1.F,2,0.51455
1afb__1__1.A__1.D_1.F,3,0.50554
1afb__1__1.A__1.D_1.F,4,0.367509
1bcj__1__1.B__1.I_1.K,0,1.1907
1bcj__1__1.B__1.I_1.K,1,1.05485
1bcj__1__1.B__1.I_1.K,2,0.903221
1bcj__1__1.B__1.I_1.K,3,1.15679
1bcj__1__1.B__1.I_1.K,4,1.08464
1esw__1__1.A__1.B_1.D,0,10.1846
1esw__1__1.A__1.B_1.D,1,10.1555
1esw__1__1.A__1.B_1.D,2,10.2152
1esw__1__1.A__1.B_1.D,3,10.1492
1esw__1__1.A__1.B_1.D,4,10.0508
1g4s__2__1.B__1.F_1.G_1.H,0,0.162057
1g4s__2__1.B__1.F_1.G_1.H,1,0.164877
1g4s__2__1.B__1.F_1.G_1.H,2,0.158666
1g4s__2__1.B__1.F_1.G_1.H,3,0.175651
1g4s__2__1.B__1.F_1.G_1.H,4,0.155648
1g4t__2__1.B__1.F_1.G_1.H,0,0.212962
1g4t__2__1.B__1.F_1.G_1.H,1,0.257103
1g4t__2__1.B__1.F_1.G_1.H,2,0.352633
1g4t__2__1.B__1.F_1.G_1.H,3,0.279456
1g4t__2__1.B__1.F_1.G_1.H,4,0.20678
1gm9__1__1.A_1.B__1.M_1.O,0,58.5814
1gm9__1__1.A_1.B__1.M_1.O,1,29.6031
1gm9__1__1.A_1.B__1.M_1.O,2,14.9778
1gm9__1__1.A_1.B__1.M_1.O,3,17.3257
1gm9__1__1.A_1.B__1.M_1.O,4,31.5189
1jep__5__1.A_2.A__1.E_1.F,0,1.21391
1jep__5__1.A_2.A__1.E_1.F,1,1.20577
1jep__5__1.A_2.A__1.E_1.F,2,1.19577
1jep__5__1.A_2.A__1.E_1.F,3,1.18193
1jep__5__1.A_2.A__1.E_1.F,4,1.18937
1juh__2__1.B__1.GA_1.X,0,25.5175
1juh__2__1.B__1.GA_1.X,1,25.2434
1juh__2__1.B__1.GA_1.X,2,24.7253
1juh__2__1.B__1.GA_1.X,3,25.1944
1juh__2__1.B__1.GA_1.X,4,25.8034
1ka1__1__1.A__1.B_1.C_1.D,0,0.745788
1ka1__1__1.A__1.B_1.C_1.D,1,0.440483
1ka1__1__1.A__1.B_1.C_1.D,2,0.744297
1ka1__1__1.A__1.B_1.C_1.D,3,1.80744
1ka1__1__1.A__1.B_1.C_1.D,4,0.442413
1nme__2__3.A_4.A_4.B__4.C_4.D,0,51.4659
1nme__2__3.A_4.A_4.B__4.C_4.D,1,50.3039
1nme__2__3.A_4.A_4.B__4.C_4.D,2,50.0274
1nme__2__3.A_4.A_4.B__4.C_4.D,3,50.1684
1nme__2__3.A_4.A_4.B__4.C_4.D,4,49.2791
1q91__1__1.A__1.B_1.C_1.D,0,0.41121
1q91__1__1.A__1.B_1.C_1.D,1,0.4116
1q91__1__1.A__1.B_1.C_1.D,2,0.483907
1q91__1__1.A__1.B_1.C_1.D,3,0.468422
1q91__1__1.A__1.B_1.C_1.D,4,0.715719
1rlz__1__1.A_2.A_3.A_4.A__2.B_3.B,0,31.6248
1rlz__1__1.A_2.A_3.A_4.A__2.B_3.B,1,31.5202
1rlz__1__1.A_2.A_3.A_4.A__2.B_3.B,2,31.5376
1rlz__1__1.A_2.A_3.A_4.A__2.B_3.B,3,31.6354
1rlz__1__1.A_2.A_3.A_4.A__2.B_3.B,4,31.5102
1wop__1__1.A__1.B,0,0.451951
1wop__1__1.A__1.B,1,0.40507
1wop__1__1.A__1.B,2,0.0
1z82__1__1.A_1.B__1.D_1.I,0,51.7315
1z82__1__1.A_1.B__1.D_1.I,1,51.8334
1z82__1__1.A_1.B__1.D_1.I,2,51.7705
1z82__1__1.A_1.B__1.D_1.I,3,51.6531
1z82__1__1.A_1.B__1.D_1.I,4,51.7763
2cc7__1__1.A_2.A_4.A_8.A__1.H_8.H,0,6.73416
2cc7__1__1.A_2.A_4.A_8.A__1.H_8.H,1,6.59269
2cc7__1__1.A_2.A_4.A_8.A__1.H_8.H,2,6.61999
2cc7__1__1.A_2.A_4.A_8.A__1.H_8.H,3,6.72011
2cc7__1__1.A_2.A_4.A_8.A__1.H_8.H,4,6.71659
2dew__1__2.A__2.B_2.H,0,1.8873
2dew__1__2.A__2.B_2.H,1,2.15714
2dew__1__2.A__2.B_2.H,2,2.40465
2dew__1__2.A__2.B_2.H,3,1.71557
2dew__1__2.A__2.B_2.H,4,2.52049
2dey__1__2.A__2.B_2.H,0,2.91386
2dey__1__2.A__2.B_2.H,1,3.12759
2dey__1__2.A__2.B_2.H,2,2.92825
2dey__1__2.A__2.B_2.H,3,2.59632
2dey__1__2.A__2.B_2.H,4,3.13465
2dwp__1__1.A__1.B_1.D_1.E,0,0.870357
2dwp__1__1.A__1.B_1.D_1.E,1,0.860771
2dwp__1__1.A__1.B_1.D_1.E,2,0.804624
2dwp__1__1.A__1.B_1.D_1.E,3,0.718721
2dwp__1__1.A__1.B_1.D_1.E,4,1.06919
2e82__1__1.B__1.G_1.H,0,0.700348
2e82__1__1.B__1.G_1.H,1,0.684742
2e82__1__1.B__1.G_1.H,2,0.712095
2e82__1__1.B__1.G_1.H,3,0.687592
2e82__1__1.B__1.G_1.H,4,0.69926
2gag__1__1.A_1.B__1.H_1.J,0,30.748
2gag__1__1.A_1.B__1.H_1.J,1,12.2364
2gag__1__1.A_1.B__1.H_1.J,2,38.4605
2gag__1__1.A_1.B__1.H_1.J,3,26.723
2gag__1__1.A_1.B__1.H_1.J,4,14.6564
2gfj__1__1.A__1.C_1.D_1.I,0,1.54083
2gfj__1__1.A__1.C_1.D_1.I,1,1.65745
2gfj__1__1.A__1.C_1.D_1.I,2,6.57421
2gfj__1__1.A__1.C_1.D_1.I,3,1.89963
2gfj__1__1.A__1.C_1.D_1.I,4,6.51315
2gfk__1__1.A__1.C_1.D_1.G,0,4.35911
2gfk__1__1.A__1.C_1.D_1.G,1,4.54133
2gfk__1__1.A__1.C_1.D_1.G,2,4.77992
2gfk__1__1.A__1.C_1.D_1.G,3,2.49371
2gfk__1__1.A__1.C_1.D_1.G,4,1.97853
2hxd__1__1.A_3.A__1.B_1.C,0,0.820681
2hxd__1__1.A_3.A__1.B_1.C,1,0.973357
2hxd__1__1.A_3.A__1.B_1.C,2,0.573032
2hxd__1__1.A_3.A__1.B_1.C,3,2.19152
2hxd__1__1.A_3.A__1.B_1.C,4,1.68289
2i7d__1__1.A__1.C_1.D_1.E,0,1.2708
2i7d__1__1.A__1.C_1.D_1.E,1,1.21074
2i7d__1__1.A__1.C_1.D_1.E,2,1.1932
2i7d__1__1.A__1.C_1.D_1.E,3,2.65815
2i7d__1__1.A__1.C_1.D_1.E,4,2.37677
2iut__1__1.A_1.B__1.E_1.F,0,19.6686
2iut__1__1.A_1.B__1.E_1.F,1,19.4868
2iut__1__1.A_1.B__1.E_1.F,2,19.4419
2iut__1__1.A_1.B__1.E_1.F,3,19.6157
2iut__1__1.A_1.B__1.E_1.F,4,19.3506
2vfs__1__1.A__1.B_1.C,0,0.630281
2vfs__1__1.A__1.B_1.C,1,0.630718
2vfs__1__1.A__1.B_1.C,2,0.603001
2vfs__1__1.A__1.B_1.C,3,0.624965
2vfs__1__1.A__1.B_1.C,4,0.605324
2vft__1__1.A__1.B_1.C,0,0.567675
2vft__1__1.A__1.B_1.C,1,0.559761
2vft__1__1.A__1.B_1.C,2,0.571122
2vft__1__1.A__1.B_1.C,3,0.576251
2vft__1__1.A__1.B_1.C,4,0.680989
2vzq__1__1.A__1.C_1.F,0,0.442218
2vzq__1__1.A__1.C_1.F,1,0.576643
2vzq__1__1.A__1.C_1.F,2,0.42676
2vzq__1__1.A__1.C_1.F,3,0.474159
2vzq__1__1.A__1.C_1.F,4,0.382677
2x65__1__1.B__1.J_1.K,0,0.945487
2x65__1__1.B__1.J_1.K,1,1.1571
2x65__1__1.B__1.J_1.K,2,0.848717
2x65__1__1.B__1.J_1.K,3,0.976714
2x65__1__1.B__1.J_1.K,4,0.927312
2xce__1__1.B_1.C__1.M_1.N,0,26.1326
2xce__1__1.B_1.C__1.M_1.N,1,26.2291
2xce__1__1.B_1.C__1.M_1.N,2,26.4733
2xce__1__1.B_1.C__1.M_1.N,3,26.4032
2xce__1__1.B_1.C__1.M_1.N,4,26.4773
2xjb__1__1.A__1.D_1.G,0,0.490948
2xjb__1__1.A__1.D_1.G,1,0.363827
2xjb__1__1.A__1.D_1.G,2,0.317076
2xjb__1__1.A__1.D_1.G,3,0.406174
2xjb__1__1.A__1.D_1.G,4,0.436348
2xju__1__1.A__1.B_1.C,0,2.34885
2xju__1__1.A__1.B_1.C,1,2.59705
2xju__1__1.A__1.B_1.C,2,2.27587
2xju__1__1.A__1.B_1.C,3,2.18519
2xju__1__1.A__1.B_1.C,4,2.63085
2ybe__1__1.A__1.B_1.D_1.E_1.F,0,1.63968
2ybe__1__1.A__1.B_1.D_1.E_1.F,1,1.67499
2ybe__1__1.A__1.B_1.D_1.E_1.F,2,1.2712
2ybe__1__1.A__1.B_1.D_1.E_1.F,3,1.38973
2ybe__1__1.A__1.B_1.D_1.E_1.F,4,1.42465
3afk__1__1.B__1.D_1.F,0,2.43322
3afk__1__1.B__1.D_1.F,1,2.46802
3afk__1__1.B__1.D_1.F,2,2.69123
3afk__1__1.B__1.D_1.F,3,2.03228
3afk__1__1.B__1.D_1.F,4,2.33473
3b03__1__1.A__1.E_1.F,0,0.538726
3b03__1__1.A__1.E_1.F,1,0.391761
3b03__1__1.A__1.E_1.F,2,0.530131
3b03__1__1.A__1.E_1.F,3,0.517144
3b03__1__1.A__1.E_1.F,4,0.531945
3b04__1__1.C__1.I_1.J,0,0.2957
3b04__1__1.C__1.I_1.J,1,0.52871
3b04__1__1.C__1.I_1.J,2,0.309966
3b04__1__1.C__1.I_1.J,3,0.288502
3b04__1__1.C__1.I_1.J,4,0.306649
3b1d__1__1.A_1.B__1.G_1.K,0,30.634
3b1d__1__1.A_1.B__1.G_1.K,1,30.6534
3b1d__1__1.A_1.B__1.G_1.K,2,30.6032
3b1d__1__1.A_1.B__1.G_1.K,3,30.6555
3b1d__1__1.A_1.B__1.G_1.K,4,30.6288
3b1e__1__1.A_1.B__1.F_1.J,0,28.7695
3b1e__1__1.A_1.B__1.F_1.J,1,28.7352
3b1e__1__1.A_1.B__1.F_1.J,2,28.7866
3b1e__1__1.A_1.B__1.F_1.J,3,28.855
3b1e__1__1.A_1.B__1.F_1.J,4,28.7703
3b6p__2__1.D__1.N_1.O_1.P,0,0.685328
3b6p__2__1.D__1.N_1.O_1.P,1,0.619637
3b6p__2__1.D__1.N_1.O_1.P,2,0.519161
3b6p__2__1.D__1.N_1.O_1.P,3,0.564596
3b6p__2__1.D__1.N_1.O_1.P,4,0.4543
3bos__1__1.A_1.B__1.M_1.P_1.U,0,30.5334
3bos__1__1.A_1.B__1.M_1.P_1.U,1,30.245
3bos__1__1.A_1.B__1.M_1.P_1.U,2,30.3007
3bos__1__1.A_1.B__1.M_1.P_1.U,3,30.5602
3bos__1__1.A_1.B__1.M_1.P_1.U,4,30.4471
3d1r__1__1.A__1.B_1.D,0,0.900833
3d1r__1__1.A__1.B_1.D,1,0.779479
3d1r__1__1.A__1.B_1.D,2,0.780715
3d1r__1__1.A__1.B_1.D,3,0.771843
3d1r__1__1.A__1.B_1.D,4,0.803097
3ek5__1__1.A_1.C_1.D_1.E_1.F__1.K_1.L,0,35.7616
3ek5__1__1.A_1.C_1.D_1.E_1.F__1.K_1.L,1,35.7912
3ek5__1__1.A_1.C_1.D_1.E_1.F__1.K_1.L,2,35.9473
3ek5__1__1.A_1.C_1.D_1.E_1.F__1.K_1.L,3,35.6728
3ek5__1__1.A_1.C_1.D_1.E_1.F__1.K_1.L,4,35.6087
3elh__2__1.F__1.Q_1.R,0,1.4749
3elh__2__1.F__1.Q_1.R,1,1.29643
3elh__2__1.F__1.Q_1.R,2,0.776468
3elh__2__1.F__1.Q_1.R,3,0.903173
3elh__2__1.F__1.Q_1.R,4,0.662112
3jvv__1__2.B__2.G_2.H,0,1.58373
3jvv__1__2.B__2.G_2.H,1,2.26259
3jvv__1__2.B__2.G_2.H,2,2.41496
3jvv__1__2.B__2.G_2.H,3,1.79672
3jvv__1__2.B__2.G_2.H,4,1.48964
3k56__2__2.B__2.F_2.G,0,0.927365
3k56__2__2.B__2.F_2.G,1,0.940361
3k56__2__2.B__2.F_2.G,2,1.24433
3k56__2__2.B__2.F_2.G,3,0.986704
3k56__2__2.B__2.F_2.G,4,0.905614
3kqn__1__1.A__1.C_1.D_1.E,0,0.844048
3kqn__1__1.A__1.C_1.D_1.E,1,1.06146
3kqn__1__1.A__1.C_1.D_1.E,2,0.803352
3kqn__1__1.A__1.C_1.D_1.E,3,1.04469
3kqn__1__1.A__1.C_1.D_1.E,4,0.990358
3n5h__1__2.A__2.B_2.D,0,0.596589
3n5h__1__2.A__2.B_2.D,1,0.612542
3n5h__1__2.A__2.B_2.D,2,0.666674
3n5h__1__2.A__2.B_2.D,3,0.781369
3n5h__1__2.A__2.B_2.D,4,0.75665
3n5j__1__2.A__2.B_2.D,0,1.08822
3n5j__1__2.A__2.B_2.D,1,1.14238
3n5j__1__2.A__2.B_2.D,2,0.937417
3n5j__1__2.A__2.B_2.D,3,0.841837
3n5j__1__2.A__2.B_2.D,4,0.872181
3ova__1__2.A__2.C_2.E,0,2.06924
3ova__1__2.A__2.C_2.E,1,1.43643
3ova__1__2.A__2.C_2.E,2,1.119
3ova__1__2.A__2.C_2.E,3,1.11893
3ova__1__2.A__2.C_2.E,4,1.08183
3p5p__1__1.A__1.B_1.C_1.E,0,3.06956
3p5p__1__1.A__1.B_1.C_1.E,1,3.11449
3p5p__1__1.A__1.B_1.C_1.E,2,3.68013
3p5p__1__1.A__1.B_1.C_1.E,3,2.65891
3p5p__1__1.A__1.B_1.C_1.E,4,2.73998
3pde__1__1.B__1.J_1.K_1.L_1.M,0,7.96297
3pde__1__1.B__1.J_1.K_1.L_1.M,1,8.33313
3pde__1__1.B__1.J_1.K_1.L_1.M,2,7.59325
3pde__1__1.B__1.J_1.K_1.L_1.M,3,7.55734
3pde__1__1.B__1.J_1.K_1.L_1.M,4,8.01644
3t44__1__1.A__1.B_1.C,0,0.284451
3t44__1__1.A__1.B_1.C,1,0.223247
3t44__1__1.A__1.B_1.C,2,0.193578
3t44__1__1.A__1.B_1.C,3,0.285453
3t44__1__1.A__1.B_1.C,4,0.281458
3tay__1__1.A__1.C_1.H,0,0.639696
3tay__1__1.A__1.C_1.H,1,0.659047
3tay__1__1.A__1.C_1.H,2,0.75169
3tay__1__1.A__1.C_1.H,3,0.775826
3tay__1__1.A__1.C_1.H,4,0.665857
3vlw__1__1.A__1.C_1.I,0,1.61365
3vlw__1__1.A__1.C_1.I,1,1.29629
3vlw__1__1.A__1.C_1.I,2,1.07051
3vlw__1__1.A__1.C_1.I,3,1.21563
3vlw__1__1.A__1.C_1.I,4,1.10892
3vws__1__1.A__1.D_1.E,0,15.0147
3vws__1__1.A__1.D_1.E,1,4.92202
3vws__1__1.A__1.D_1.E,2,15.0937
3vws__1__1.A__1.D_1.E,3,6.99422
3vws__1__1.A__1.D_1.E,4,7.05144
3w0u__1__1.A_1.B__1.C_1.F,0,1.69012
3w0u__1__1.A_1.B__1.C_1.F,1,1.22242
3w0u__1__1.A_1.B__1.C_1.F,2,1.54165
3w0u__1__1.A_1.B__1.C_1.F,3,1.38358
3w0u__1__1.A_1.B__1.C_1.F,4,1.24753
3w54__1__1.A__1.E_1.F_1.G_1.H,0,2.84835
3w54__1__1.A__1.E_1.F_1.G_1.H,1,2.84787
3w54__1__1.A__1.E_1.F_1.G_1.H,2,2.85544
3w54__1__1.A__1.E_1.F_1.G_1.H,3,2.84778
3w54__1__1.A__1.E_1.F_1.G_1.H,4,2.83885
3wno__2__1.B__1.DA_1.G,0,32.0317
3wno__2__1.B__1.DA_1.G,1,33.708
3wno__2__1.B__1.DA_1.G,2,33.5268
3wno__2__1.B__1.DA_1.G,3,33.5466
3wno__2__1.B__1.DA_1.G,4,32.1932
3zds__1__1.A_1.B__1.M_1.N,0,3.7642
3zds__1__1.A_1.B__1.M_1.N,1,2.73264
3zds__1__1.A_1.B__1.M_1.N,2,3.5964
3zds__1__1.A_1.B__1.M_1.N,3,3.39556
3zds__1__1.A_1.B__1.M_1.N,4,2.79924
3zds__2__2.F_2.J__2.Y_2.Z,0,47.533
3zds__2__2.F_2.J__2.Y_2.Z,1,47.5044
3zds__2__2.F_2.J__2.Y_2.Z,2,47.5337
3zds__2__2.F_2.J__2.Y_2.Z,3,47.6729
3zds__2__2.F_2.J__2.Y_2.Z,4,47.5427
4a1o__1__1.A_1.B__1.E_1.I,0,57.3063
4a1o__1__1.A_1.B__1.E_1.I,1,57.7412
4a1o__1__1.A_1.B__1.E_1.I,2,56.6234
4a1o__1__1.A_1.B__1.E_1.I,3,57.4443
4a1o__1__1.A_1.B__1.E_1.I,4,56.4081
4a61__1__1.A__1.B_1.C,0,0.885125
4a61__1__1.A__1.B_1.C,1,0.780234
4a61__1__1.A__1.B_1.C,2,0.758662
4a61__1__1.A__1.B_1.C,3,0.873335
4a61__1__1.A__1.B_1.C,4,0.832448
4avb__2__1.B__1.J_1.N,0,0.842748
4avb__2__1.B__1.J_1.N,1,0.733278
4avb__2__1.B__1.J_1.N,2,0.979945
4avb__2__1.B__1.J_1.N,3,0.789834
4avb__2__1.B__1.J_1.N,4,0.570883
4bcc__1__1.A__1.B_1.F,0,6.11245
4bcc__1__1.A__1.B_1.F,1,4.86561
4bcc__1__1.A__1.B_1.F,2,5.09215
4bcc__1__1.A__1.B_1.F,3,5.78462
4bcc__1__1.A__1.B_1.F,4,5.63828
4c7w__1__1.A__1.M_1.N,0,36.62
4c7w__1__1.A__1.M_1.N,1,37.757
4c7w__1__1.A__1.M_1.N,2,37.1319
4c7w__1__1.A__1.M_1.N,3,36.7653
4c7w__1__1.A__1.M_1.N,4,37.0237
4c7w__1__1.B__1.G_1.R,0,36.8857
4c7w__1__1.B__1.G_1.R,1,36.182
4c7w__1__1.B__1.G_1.R,2,36.0137
4c7w__1__1.B__1.G_1.R,3,38.0628
4c7w__1__1.B__1.G_1.R,4,38.5662
4cyi__2__1.C__1.M_1.N,0,0.892373
4cyi__2__1.C__1.M_1.N,1,1.11094
4cyi__2__1.C__1.M_1.N,2,1.01539
4cyi__2__1.C__1.M_1.N,3,1.09213
4cyi__2__1.C__1.M_1.N,4,1.04367
4cyj__1__1.A__1.G_1.H,0,1.14639
4cyj__1__1.A__1.G_1.H,1,1.0281
4cyj__1__1.A__1.G_1.H,2,0.820078
4cyj__1__1.A__1.G_1.H,3,0.910945
4cyj__1__1.A__1.G_1.H,4,0.87448
4d4b__1__1.A__1.C_1.E,0,6.39962
4d4b__1__1.A__1.C_1.E,1,6.42683
4d4b__1__1.A__1.C_1.E,2,6.01327
4d4b__1__1.A__1.C_1.E,3,6.37601
4d4b__1__1.A__1.C_1.E,4,6.18008
4dhl__2__1.B_1.D__1.V_1.W_1.X,0,2.01782
4dhl__2__1.B_1.D__1.V_1.W_1.X,1,0.835674
4dhl__2__1.B_1.D__1.V_1.W_1.X,2,3.79899
4dhl__2__1.B_1.D__1.V_1.W_1.X,3,1.49999
4dhl__2__1.B_1.D__1.V_1.W_1.X,4,1.02262
4edh__1__1.A__1.C_1.D_1.E,0,0.751609
4edh__1__1.A__1.C_1.D_1.E,1,0.798166
4edh__1__1.A__1.C_1.D_1.E,2,0.581402
4edh__1__1.A__1.C_1.D_1.E,3,0.76821
4edh__1__1.A__1.C_1.D_1.E,4,0.552162
4ffo__1__1.A__1.B_1.C_1.D_1.E,0,23.6929
4ffo__1__1.A__1.B_1.C_1.D_1.E,1,24.0126
4ffo__1__1.A__1.B_1.C_1.D_1.E,2,23.9111
4ffo__1__1.A__1.B_1.C_1.D_1.E,3,23.9008
4ffo__1__1.A__1.B_1.C_1.D_1.E,4,23.9317
4gyz__3__1.C__1.O_1.P,0,1.17754
4gyz__3__1.C__1.O_1.P,1,1.53688
4gyz__3__1.C__1.O_1.P,2,1.71558
4gyz__3__1.C__1.O_1.P,3,1.23858
4gyz__3__1.C__1.O_1.P,4,3.25771
4i4y__2__1.C__1.H_1.O,0,24.486
4i4y__2__1.C__1.H_1.O,1,24.4022
4i4y__2__1.C__1.H_1.O,2,24.247
4i4y__2__1.C__1.H_1.O,3,24.3964
4i4y__2__1.C__1.H_1.O,4,24.6301
4iu4__1__3.A__3.B_3.C_3.F,0,0.505457
4iu4__1__3.A__3.B_3.C_3.F,1,0.474814
4iu4__1__3.A__3.B_3.C_3.F,2,0.514984
4iu4__1__3.A__3.B_3.C_3.F,3,0.485803
4iu4__1__3.A__3.B_3.C_3.F,4,0.4959
4jp4__1__1.A_1.B__1.I_1.N,0,37.0394
4jp4__1__1.A_1.B__1.I_1.N,1,37.1472
4jp4__1__1.A_1.B__1.I_1.N,2,37.1657
4jp4__1__1.A_1.B__1.I_1.N,3,37.0996
4jp4__1__1.A_1.B__1.I_1.N,4,37.2211
4js1__1__1.A__1.C_1.D,0,0.46913
4js1__1__1.A__1.C_1.D,1,0.402101
4js1__1__1.A__1.C_1.D,2,0.356958
4js1__1__1.A__1.C_1.D,3,0.278731
4js1__1__1.A__1.C_1.D,4,0.352745
4tlc__1__1.C_1.D__1.M_1.O,0,0.747754
4tlc__1__1.C_1.D__1.M_1.O,1,0.98407
4tlc__1__1.C_1.D__1.M_1.O,2,0.820054
4tlc__1__1.C_1.D__1.M_1.O,3,0.807803
4tlc__1__1.C_1.D__1.M_1.O,4,0.761334
4x2a__1__1.A_1.B__1.C_1.E,0,33.3354
4x2a__1__1.A_1.B__1.C_1.E,1,33.2187
4x2a__1__1.A_1.B__1.C_1.E,2,5.49219
4x2a__1__1.A_1.B__1.C_1.E,3,7.32656
4x2a__1__1.A_1.B__1.C_1.E,4,7.59259
4xm6__1__1.A__1.B_1.C,0,3.1601
4xm6__1__1.A__1.B_1.C,1,3.19722
4xm6__1__1.A__1.B_1.C,2,3.1407
4xm6__1__1.A__1.B_1.C,3,3.31798
4xm6__1__1.A__1.B_1.C,4,3.24811
4yzl__1__1.A__1.B_1.C,0,4.19607
4yzl__1__1.A__1.B_1.C,1,4.19784
4yzl__1__1.A__1.B_1.C,2,4.1499
4yzl__1__1.A__1.B_1.C,3,4.07884
4yzl__1__1.A__1.B_1.C,4,2.42977
4z2j__1__1.A__1.B_1.D,0,4.63092
4z2j__1__1.A__1.B_1.D,1,4.36846
4z2j__1__1.A__1.B_1.D,2,1.27827
4z2j__1__1.A__1.B_1.D,3,1.5713
4z2j__1__1.A__1.B_1.D,4,1.36534
4zmm__1__1.A_1.B__1.C_1.D,0,9.24237
4zmm__1__1.A_1.B__1.C_1.D,1,9.39185
4zmm__1__1.A_1.B__1.C_1.D,2,9.38502
4zmm__1__1.A_1.B__1.C_1.D,3,9.34374
4zmm__1__1.A_1.B__1.C_1.D,4,9.39714
5adv__2__1.C__1.L_1.M_1.N,0,6.57762
5adv__2__1.C__1.L_1.M_1.N,1,6.66904
5adv__2__1.C__1.L_1.M_1.N,2,6.60286
5adv__2__1.C__1.L_1.M_1.N,3,6.78231
5adv__2__1.C__1.L_1.M_1.N,4,6.65712
5d4u__1__1.C__1.P_1.S,0,0.622369
5d4u__1__1.C__1.P_1.S,1,0.538447
5d4u__1__1.C__1.P_1.S,2,0.508976
5d4u__1__1.C__1.P_1.S,3,0.569202
5d4u__1__1.C__1.P_1.S,4,0.605047
5d4v__2__1.B__1.I_1.L,0,0.652228
5d4v__2__1.B__1.I_1.L,1,0.669664
5d4v__2__1.B__1.I_1.L,2,0.572746
5d4v__2__1.B__1.I_1.L,3,0.477896
5d4v__2__1.B__1.I_1.L,4,0.619803
5d61__1__1.A__1.D_1.L,0,28.099
5d61__1__1.A__1.D_1.L,1,28.4501
5d61__1__1.A__1.D_1.L,2,28.8595
5d61__1__1.A__1.D_1.L,3,28.2827
5d61__1__1.A__1.D_1.L,4,28.4014
5df1__2__1.B__1.G_1.H,0,0.317015
5df1__2__1.B__1.G_1.H,1,0.311458
5df1__2__1.B__1.G_1.H,2,0.395581
5df1__2__1.B__1.G_1.H,3,0.419427
5df1__2__1.B__1.G_1.H,4,0.327043
5e1q__2__1.B__1.D_1.G,0,8.74367
5e1q__2__1.B__1.D_1.G,1,7.79447
5e1q__2__1.B__1.D_1.G,2,8.71461
5e1q__2__1.B__1.D_1.G,3,8.78617
5e1q__2__1.B__1.D_1.G,4,8.74065
5eat__1__1.A__1.B_1.C_1.D_1.E,0,2.62444
5eat__1__1.A__1.B_1.C_1.D_1.E,1,2.3552
5eat__1__1.A__1.B_1.C_1.D_1.E,2,2.41358
5eat__1__1.A__1.B_1.C_1.D_1.E,3,2.31854
5eat__1__1.A__1.B_1.C_1.D_1.E,4,2.2833
5f2n__1__1.B__1.E_1.F,0,0.293595
5f2n__1__1.B__1.E_1.F,1,0.22891
5f2n__1__1.B__1.E_1.F,2,0.323688
5f2n__1__1.B__1.E_1.F,3,0.22573
5f2n__1__1.B__1.E_1.F,4,0.295833
5flj__2__1.L__1.YA_1.ZA,0,0.254385
5flj__2__1.L__1.YA_1.ZA,1,0.313739
5flj__2__1.L__1.YA_1.ZA,2,0.318848
5flj__2__1.L__1.YA_1.ZA,3,0.249705
5flj__2__1.L__1.YA_1.ZA,4,0.299612
5fux__1__1.A__1.C_1.E_1.F,0,0.348081
5fux__1__1.A__1.C_1.E_1.F,1,0.34013
5fux__1__1.A__1.C_1.E_1.F,2,0.47477
5fux__1__1.A__1.C_1.E_1.F,3,0.408543
5fux__1__1.A__1.C_1.E_1.F,4,0.340127
5hcn__1__1.A__1.C_1.D,0,1.12172
5hcn__1__1.A__1.C_1.D,1,1.21973
5hcn__1__1.A__1.C_1.D,2,1.29527
5hcn__1__1.A__1.C_1.D,3,0.799357
5hcn__1__1.A__1.C_1.D,4,1.34345
5iul__2__1.E__1.P_1.Q,0,18.5042
5iul__2__1.E__1.P_1.Q,1,14.9935
5iul__2__1.E__1.P_1.Q,2,12.7436
5iul__2__1.E__1.P_1.Q,3,14.7502
5iul__2__1.E__1.P_1.Q,4,17.9952
5j42__1__1.A__1.C_1.D,0,0.356968
5j42__1__1.A__1.C_1.D,1,0.903955
5j42__1__1.A__1.C_1.D,2,1.24303
5j42__1__1.A__1.C_1.D,3,0.510536
5j42__1__1.A__1.C_1.D,4,0.86009
5kgp__1__1.B__1.D_1.L,0,2.91208
5kgp__1__1.B__1.D_1.L,1,2.89875
5kgp__1__1.B__1.D_1.L,2,2.82575
5kgp__1__1.B__1.D_1.L,3,2.83919
5kgp__1__1.B__1.D_1.L,4,2.65931
5lia__1__1.A__1.D_1.M,0,4.54215
5lia__1__1.A__1.D_1.M,1,4.44218
5lia__1__1.A__1.D_1.M,2,7.40113
5lia__1__1.A__1.D_1.M,3,4.36594
5lia__1__1.A__1.D_1.M,4,7.24298
5m77__2__1.B__1.D_1.R,0,0.932322
5m77__2__1.B__1.D_1.R,1,0.96058
5m77__2__1.B__1.D_1.R,2,1.06148
5m77__2__1.B__1.D_1.R,3,1.37342
5m77__2__1.B__1.D_1.R,4,0.999639
5n2v__2__1.E_1.F__1.K_1.L_1.M_1.N,0,13.4472
5n2v__2__1.E_1.F__1.K_1.L_1.M_1.N,1,14.3664
5n2v__2__1.E_1.F__1.K_1.L_1.M_1.N,2,13.0279
5n2v__2__1.E_1.F__1.K_1.L_1.M_1.N,3,15.8068
5n2v__2__1.E_1.F__1.K_1.L_1.M_1.N,4,19.0773
5o1j__1__1.A__1.B_1.D,0,1.98539
5o1j__1__1.A__1.B_1.D,1,1.81791
5o1j__1__1.A__1.B_1.D,2,1.942
5o1j__1__1.A__1.B_1.D,3,2.0395
5o1j__1__1.A__1.B_1.D,4,1.80068
5x72__1__1.A__1.B_1.C,0,0.527586
5x72__1__1.A__1.B_1.C,1,0.427978
5x72__1__1.A__1.B_1.C,2,0.425407
5x72__1__1.A__1.B_1.C,3,0.459304
5x72__1__1.A__1.B_1.C,4,0.472178
5xmp__1__1.A_1.B__1.G_1.H,0,39.6772
5xmp__1__1.A_1.B__1.G_1.H,1,39.8504
5xmp__1__1.A_1.B__1.G_1.H,2,39.5929
5xmp__1__1.A_1.B__1.G_1.H,3,39.9251
5xmp__1__1.A_1.B__1.G_1.H,4,39.8048
5y4z__1__1.A__1.B_1.C,0,1.09713
5y4z__1__1.A__1.B_1.C,1,0.845916
5y4z__1__1.A__1.B_1.C,2,0.822702
5y4z__1__1.A__1.B_1.C,3,0.800046
5y4z__1__1.A__1.B_1.C,4,0.768983
5yjo__1__1.A__1.E_1.F,0,16.1694
5yjo__1__1.A__1.E_1.F,1,16.8213
5yjo__1__1.A__1.E_1.F,2,10.5117
5yjo__1__1.A__1.E_1.F,3,10.3404
5yjo__1__1.A__1.E_1.F,4,10.3332
5zdq__1__2.A__2.E_2.F_2.G_2.H,0,0.612682
5zdq__1__2.A__2.E_2.F_2.G_2.H,1,0.727055
5zdq__1__2.A__2.E_2.F_2.G_2.H,2,0.606076
5zdq__1__2.A__2.E_2.F_2.G_2.H,3,0.600019
5zdq__1__2.A__2.E_2.F_2.G_2.H,4,0.617244
6a9a__1__1.A_2.A__2.C_2.D,0,43.8901
6a9a__1__1.A_2.A__2.C_2.D,1,44.193
6a9a__1__1.A_2.A__2.C_2.D,2,43.9371
6a9a__1__1.A_2.A__2.C_2.D,3,43.9328
6a9a__1__1.A_2.A__2.C_2.D,4,43.6339
6b2a__1__1.A_1.B_1.C__1.I_1.L,0,19.8482
6b2a__1__1.A_1.B_1.C__1.I_1.L,1,17.4376
6b2a__1__1.A_1.B_1.C__1.I_1.L,2,58.3771
6b2a__1__1.A_1.B_1.C__1.I_1.L,3,18.5872
6b2a__1__1.A_1.B_1.C__1.I_1.L,4,14.687
6b63__1__1.A_1.B__1.D_1.E_1.F_1.I_1.L,0,3.81016
6b63__1__1.A_1.B__1.D_1.E_1.F_1.I_1.L,1,3.09571
6b63__1__1.A_1.B__1.D_1.E_1.F_1.I_1.L,2,21.8292
6b63__1__1.A_1.B__1.D_1.E_1.F_1.I_1.L,3,5.2819
6b63__1__1.A_1.B__1.D_1.E_1.F_1.I_1.L,4,20.5588
6btn__1__1.A__1.C_1.D_1.F,0,1.12953
6btn__1__1.A__1.C_1.D_1.F,1,1.33558
6btn__1__1.A__1.C_1.D_1.F,2,0.982947
6btn__1__1.A__1.C_1.D_1.F,3,2.81667
6btn__1__1.A__1.C_1.D_1.F,4,0.785328
6e6i__1__1.F_1.G_2.G__2.V_2.W,0,32.32
6e6i__1__1.F_1.G_2.G__2.V_2.W,1,32.3795
6e6i__1__1.F_1.G_2.G__2.V_2.W,2,32.278
6e6i__1__1.F_1.G_2.G__2.V_2.W,3,32.3383
6e6i__1__1.F_1.G_2.G__2.V_2.W,4,32.3397
6fl8__1__1.A__1.C_1.D_1.E_1.G,0,0.3445
6fl8__1__1.A__1.C_1.D_1.E_1.G,1,0.352654
6fl8__1__1.A__1.C_1.D_1.E_1.G,2,0.225996
6fl8__1__1.A__1.C_1.D_1.E_1.G,3,0.353478
6fl8__1__1.A__1.C_1.D_1.E_1.G,4,0.31486
6hbz__1__1.A_1.B__1.C_1.D,0,3.07947
6hbz__1__1.A_1.B__1.C_1.D,1,3.15838
6hbz__1__1.A_1.B__1.C_1.D,2,2.95949
6hbz__1__1.A_1.B__1.C_1.D,3,2.90273
6hbz__1__1.A_1.B__1.C_1.D,4,2.95002
6hph__1__1.A__1.B_1.C,0,0.508966
6hph__1__1.A__1.B_1.C,1,0.838386
6hph__1__1.A__1.B_1.C,2,0.586037
6hph__1__1.A__1.B_1.C,3,0.791131
6hph__1__1.A__1.B_1.C,4,0.524913
6hso__1__1.A_2.A__1.L_1.M_1.N,0,0.97229
6hso__1__1.A_2.A__1.L_1.M_1.N,1,0.880695
6hso__1__1.A_2.A__1.L_1.M_1.N,2,1.08199
6hso__1__1.A_2.A__1.L_1.M_1.N,3,1.13469
6hso__1__1.A_2.A__1.L_1.M_1.N,4,1.15975
6hvh__1__1.A__1.B_1.C,0,0.598348
6hvh__1__1.A__1.B_1.C,1,0.662294
6hvh__1__1.A__1.B_1.C,2,0.551561
6hvh__1__1.A__1.B_1.C,3,0.537851
6hvh__1__1.A__1.B_1.C,4,0.500339
6i35__2__1.C__1.N_1.P,0,0.890298
6i35__2__1.C__1.N_1.P,1,0.744925
6i35__2__1.C__1.N_1.P,2,0.873067
6i35__2__1.C__1.N_1.P,3,0.700122
6i35__2__1.C__1.N_1.P,4,0.794637
6jd5__2__1.B__1.E_1.F,0,0.408878
6jd5__2__1.B__1.E_1.F,1,0.400231
6jd5__2__1.B__1.E_1.F,2,0.323185
6jd5__2__1.B__1.E_1.F,3,0.292821
6jd5__2__1.B__1.E_1.F,4,0.319455
6kal__1__1.A__1.G_1.H,0,1.33063
6kal__1__1.A__1.G_1.H,1,1.25267
6kal__1__1.A__1.G_1.H,2,1.18084
6kal__1__1.A__1.G_1.H,3,1.03883
6kal__1__1.A__1.G_1.H,4,0.996536
6m3z__1__1.A_1.B_1.C__1.E_1.L,0,53.9817
6m3z__1__1.A_1.B_1.C__1.E_1.L,1,36.898
6m3z__1__1.A_1.B_1.C__1.E_1.L,2,42.4924
6m3z__1__1.A_1.B_1.C__1.E_1.L,3,35.3179
6m3z__1__1.A_1.B_1.C__1.E_1.L,4,47.4889
6mx3__1__1.A_1.B__1.C_1.D,0,10.6898
6mx3__1__1.A_1.B__1.C_1.D,1,10.6279
6mx3__1__1.A_1.B__1.C_1.D,2,10.7972
6mx3__1__1.A_1.B__1.C_1.D,3,10.8037
6mx3__1__1.A_1.B__1.C_1.D,4,10.9602
6pia__1__1.A_1.B__1.J_1.L_1.Q,0,27.7665
6pia__1__1.A_1.B__1.J_1.L_1.Q,1,27.8471
6pia__1__1.A_1.B__1.J_1.L_1.Q,2,27.6536
6pia__1__1.A_1.B__1.J_1.L_1.Q,3,27.818
6pia__1__1.A_1.B__1.J_1.L_1.Q,4,27.6657
6r4g__1__1.B__1.F_1.G,0,0.471676
6r4g__1__1.B__1.F_1.G,1,0.533925
6r4g__1__1.B__1.F_1.G,2,0.469372
6r4g__1__1.B__1.F_1.G,3,0.538079
6r4g__1__1.B__1.F_1.G,4,0.633781
6r4j__1__1.B__1.G_1.H,0,1.43312
6r4j__1__1.B__1.G_1.H,1,1.18515
6r4j__1__1.B__1.G_1.H,2,1.32951
6r4j__1__1.B__1.G_1.H,3,1.13743
6r4j__1__1.B__1.G_1.H,4,1.23725
6r58__2__1.B__1.F_1.J,0,4.83201
6r58__2__1.B__1.F_1.J,1,4.42051
6r58__2__1.B__1.F_1.J,2,4.47748
6r58__2__1.B__1.F_1.J,3,4.81805
6r58__2__1.B__1.F_1.J,4,4.87514
6t7g__2__1.B__1.L_1.M,0,0.602673
6t7g__2__1.B__1.L_1.M,1,0.65983
6t7g__2__1.B__1.L_1.M,2,0.69731
6t7g__2__1.B__1.L_1.M,3,0.619614
6t7g__2__1.B__1.L_1.M,4,0.764018
6tez__1__1.A__1.C_1.I,0,3.79367
6tez__1__1.A__1.C_1.I,1,3.73262
6tez__1__1.A__1.C_1.I,2,3.60663
6tez__1__1.A__1.C_1.I,3,3.62067
6tez__1__1.A__1.C_1.I,4,3.32914
6wk9__2__1.E_1.F_1.G__1.Q_1.R_1.U_1.V,0,19.2072
6wk9__2__1.E_1.F_1.G__1.Q_1.R_1.U_1.V,1,19.0458
6wk9__2__1.E_1.F_1.G__1.Q_1.R_1.U_1.V,2,34.0803
6wk9__2__1.E_1.F_1.G__1.Q_1.R_1.U_1.V,3,24.8032
6wk9__2__1.E_1.F_1.G__1.Q_1.R_1.U_1.V,4,35.2401
6xug__1__1.B__1.H_1.I_1.K_1.L,0,1.17479
6xug__1__1.B__1.H_1.I_1.K_1.L,1,1.31422
6xug__1__1.B__1.H_1.I_1.K_1.L,2,23.3543
6xug__1__1.B__1.H_1.I_1.K_1.L,3,23.2159
6xug__1__1.B__1.H_1.I_1.K_1.L,4,23.5115
6xuq__1__2.A__2.B_2.C_2.E,0,0.369135
6xuq__1__2.A__2.B_2.C_2.E,1,1.50532
6xuq__1__2.A__2.B_2.C_2.E,2,1.30967
6xuq__1__2.A__2.B_2.C_2.E,3,2.62515
6xuq__1__2.A__2.B_2.C_2.E,4,22.1022
6z3v__1__1.A_1.B__1.D_1.I,0,12.2434
6z3v__1__1.A_1.B__1.D_1.I,1,8.48327
6z3v__1__1.A_1.B__1.D_1.I,2,9.42912
6z3v__1__1.A_1.B__1.D_1.I,3,8.93668
6z3v__1__1.A_1.B__1.D_1.I,4,9.73864
6z4o__1__1.A_1.B__1.D_1.H,0,6.36985
6z4o__1__1.A_1.B__1.D_1.H,1,7.84004
6z4o__1__1.A_1.B__1.D_1.H,2,6.55455
6z4o__1__1.A_1.B__1.D_1.H,3,7.14773
6z4o__1__1.A_1.B__1.D_1.H,4,7.93461
6zbn__1__1.A__1.G_1.H,0,4.0286
6zbn__1__1.A__1.G_1.H,1,1.60879
6zbn__1__1.A__1.G_1.H,2,4.84536
6zbn__1__1.A__1.G_1.H,3,3.41714
6zbn__1__1.A__1.G_1.H,4,0.527903
7a0c__2__1.B__1.T_1.U,0,1.58583
7a0c__2__1.B__1.T_1.U,1,1.37119
7a0c__2__1.B__1.T_1.U,2,0.958572
7a0c__2__1.B__1.T_1.U,3,0.806739
7a0c__2__1.B__1.T_1.U,4,1.36624
7bhx__1__1.A_2.A__1.C_2.C,0,12.3996
7bhx__1__1.A_2.A__1.C_2.C,1,12.3686
7bhx__1__1.A_2.A__1.C_2.C,2,12.4395
7bhx__1__1.A_2.A__1.C_2.C,3,12.3567
7bhx__1__1.A_2.A__1.C_2.C,4,12.358
7coz__1__1.A__1.D_1.F_1.G,0,4.13094
7coz__1__1.A__1.D_1.F_1.G,1,3.90352
7coz__1__1.A__1.D_1.F_1.G,2,3.43762
7coz__1__1.A__1.D_1.F_1.G,3,2.11794
7coz__1__1.A__1.D_1.F_1.G,4,4.03983
7cta__1__2.B__2.E_2.F,0,0.549281
7cta__1__2.B__2.E_2.F,1,0.583252
7cta__1__2.B__2.E_2.F,2,0.516311
7cta__1__2.B__2.E_2.F,3,0.570972
7cta__1__2.B__2.E_2.F,4,0.527371
7erb__2__1.C__1.L_1.M,0,0.53911
7erb__2__1.C__1.L_1.M,1,0.544508
7erb__2__1.C__1.L_1.M,2,0.541538
7erb__2__1.C__1.L_1.M,3,0.54265
7erb__2__1.C__1.L_1.M,4,0.53301
7ere__1__1.A_1.B__1.G_1.I,0,29.6952
7ere__1__1.A_1.B__1.G_1.I,1,29.6831
7ere__1__1.A_1.B__1.G_1.I,2,29.7026
7ere__1__1.A_1.B__1.G_1.I,3,29.6946
7ere__1__1.A_1.B__1.G_1.I,4,29.7629
7f4c__1__1.A__1.C_1.D,0,0.288811
7f4c__1__1.A__1.C_1.D,1,0.311628
7f4c__1__1.A__1.C_1.D,2,0.310707
7f4c__1__1.A__1.C_1.D,3,0.375829
7f4c__1__1.A__1.C_1.D,4,0.35793
7k4g__1__1.A__1.G_1.H_1.I,0,0.190034
7k4g__1__1.A__1.G_1.H_1.I,1,0.261077
7k4g__1__1.A__1.G_1.H_1.I,2,0.203647
7k4g__1__1.A__1.G_1.H_1.I,3,0.290463
7k4g__1__1.A__1.G_1.H_1.I,4,0.207326
7k4h__1__1.A__1.G_1.H_1.I,0,0.258423
7k4h__1__1.A__1.G_1.H_1.I,1,0.280043
7k4h__1__1.A__1.G_1.H_1.I,2,0.224619
7k4h__1__1.A__1.G_1.H_1.I,3,0.204444
7k4h__1__1.A__1.G_1.H_1.I,4,0.246251
7k4i__1__1.B__1.J_1.K_1.L,0,0.252799
7k4i__1__1.B__1.J_1.K_1.L,1,0.344763
7k4i__1__1.B__1.J_1.K_1.L,2,0.29219
7k4i__1__1.B__1.J_1.K_1.L,3,0.2729
7k4i__1__1.B__1.J_1.K_1.L,4,0.283089
7n8l__2__1.B__1.J_1.M,0,0.47587
7n8l__2__1.B__1.J_1.M,1,0.656347
7n8l__2__1.B__1.J_1.M,2,0.488084
7n8l__2__1.B__1.J_1.M,3,0.621508
7n8l__2__1.B__1.J_1.M,4,0.4511
7pwy__1__1.A_1.B__1.I_1.J,0,35.1218
7pwy__1__1.A_1.B__1.I_1.J,1,35.1396
7pwy__1__1.A_1.B__1.I_1.J,2,35.1119
7pwy__1__1.A_1.B__1.I_1.J,3,34.9797
7pwy__1__1.A_1.B__1.I_1.J,4,35.142
7ssi__2__1.E__1.N_1.O,0,20.4976
7ssi__2__1.E__1.N_1.O,1,19.9675
7ssi__2__1.E__1.N_1.O,2,24.7478
7ssi__2__1.E__1.N_1.O,3,19.8603
7ssi__2__1.E__1.N_1.O,4,19.232
7u0r__1__1.B__1.I_1.J_1.K_1.L,0,0.653553
7u0r__1__1.B__1.I_1.J_1.K_1.L,1,0.790473
7u0r__1__1.B__1.I_1.J_1.K_1.L,2,0.867354
7u0r__1__1.B__1.I_1.J_1.K_1.L,3,0.685632
7u0r__1__1.B__1.I_1.J_1.K_1.L,4,0.737865
7u8y__1__1.B__1.G_1.H_1.I_1.J,0,1.37686
7u8y__1__1.B__1.G_1.H_1.I_1.J,1,7.26632
7u8y__1__1.B__1.G_1.H_1.I_1.J,2,7.62704
7u8y__1__1.B__1.G_1.H_1.I_1.J,3,0.823446
7u8y__1__1.B__1.G_1.H_1.I_1.J,4,7.57827
7uxs__1__1.A_1.B__1.C_1.F,0,18.6715
7uxs__1__1.A_1.B__1.C_1.F,1,18.6523
7uxs__1__1.A_1.B__1.C_1.F,2,18.6134
7uxs__1__1.A_1.B__1.C_1.F,3,18.574
7uxs__1__1.A_1.B__1.C_1.F,4,18.6457
7vzn__1__1.A_1.B__1.S_1.T_1.U,0,20.101
7vzn__1__1.A_1.B__1.S_1.T_1.U,1,20.2478
7vzn__1__1.A_1.B__1.S_1.T_1.U,2,20.2466
7vzn__1__1.A_1.B__1.S_1.T_1.U,3,20.3056
7vzn__1__1.A_1.B__1.S_1.T_1.U,4,20.0946
8ak6__2__1.B__1.P_1.Q,0,5.17356
8ak6__2__1.B__1.P_1.Q,1,5.1832
8ak6__2__1.B__1.P_1.Q,2,5.38313
8ak6__2__1.B__1.P_1.Q,3,4.88138
8ak6__2__1.B__1.P_1.Q,4,5.00594
8e1v__1__1.A__1.C_1.D,0,0.308969
8e1v__1__1.A__1.C_1.D,1,0.535122
8e1v__1__1.A__1.C_1.D,2,0.369969
8e1v__1__1.A__1.C_1.D,3,0.370246
8e1v__1__1.A__1.C_1.D,4,0.52893
8fg8__2__1.B__1.GA_1.Q_1.R,0,8.04014
8fg8__2__1.B__1.GA_1.Q_1.R,1,10.1145
8fg8__2__1.B__1.GA_1.Q_1.R,2,7.99481
8fg8__2__1.B__1.GA_1.Q_1.R,3,8.01859
8fg8__2__1.B__1.GA_1.Q_1.R,4,8.20717
8odp__1__1.A_1.B__1.I_1.J_1.K_1.L,0,20.5654
8odp__1__1.A_1.B__1.I_1.J_1.K_1.L,1,23.7706
8odp__1__1.A_1.B__1.I_1.J_1.K_1.L,2,32.5133
8odp__1__1.A_1.B__1.I_1.J_1.K_1.L,3,32.5466
8odp__1__1.A_1.B__1.I_1.J_1.K_1.L,4,32.6071
8t5k__1__1.A_2.A__1.B_2.B,0,6.73381
8t5k__1__1.A_2.A__1.B_2.B,1,5.8616
8t5k__1__1.A_2.A__1.B_2.B,2,6.01416
8t5k__1__1.A_2.A__1.B_2.B,3,6.02549
8t5k__1__1.A_2.A__1.B_2.B,4,6.30405
